{"cameraMode":{"drawMode":0,"name":"Shaded","section":"Shading Mode"},"sceneLighting":true,"audioPlay":false,"sceneViewState":{"showFog":true,"showMaterialUpdate":false,"showSkybox":true,"showFlares":true,"showImageEffects":true,"showParticleSystems":true},"in2DMode":false,"pivot":{"x":46.39996337890625,"y":0.6497762203216553,"z":51.88875961303711},"rotation":{"x":0.19584393501281739,"y":-0.10715687274932862,"z":0.021504594013094903,"w":0.974568247795105},"size":1.0554213523864747,"orthographic":false}