{"cameraMode":{"drawMode":0,"name":"Shaded","section":"Shading Mode"},"sceneLighting":true,"audioPlay":false,"sceneViewState":{"showFog":true,"showMaterialUpdate":false,"showSkybox":true,"showFlares":true,"showImageEffects":true,"showParticleSystems":true},"in2DMode":false,"pivot":{"x":45.230045318603519,"y":1.0181090831756592,"z":52.41476058959961},"rotation":{"x":-0.21096250414848329,"y":0.4064949154853821,"z":-0.09697365760803223,"w":-0.8837155103683472},"size":3.4445784091949465,"orthographic":false}